Year,Name
1989,Hakeem Olajuwon
1989,Patrick Ewing
1989,Robert Parish
1989,Charles Barkley
1989,Tom Chambers
1989,Terry Cummings
1989,Karl Malone
1989,Chris Mullin
1989,Dominique Wilkins
1989,Magic Johnson
1989,Kevin Johnson
1989,Dale Ellis
1989,Michael Jordan
1989,John Stockton
1989,Mark Price
1990,Patrick Ewing
1990,Hakeem Olajuwon
1990,David Robinson
1990,Charles Barkley
1990,Larry Bird
1990,Chris Mullin
1990,Karl Malone
1990,Tom Chambers
1990,James Worthy
1990,Magic Johnson
1990,Kevin Johnson
1990,Clyde Drexler
1990,Michael Jordan
1990,John Stockton
1990,Joe Dumars
1991,David Robinson
1991,Patrick Ewing
1991,Hakeem Olajuwon
1991,Charles Barkley
1991,Chris Mullin
1991,Bernard King
1991,Karl Malone
1991,Dominique Wilkins
1991,James Worthy
1991,Magic Johnson
1991,Clyde Drexler
1991,Joe Dumars
1991,Michael Jordan
1991,Kevin Johnson
1991,John Stockton
1992,David Robinson
1992,Patrick Ewing
1992,Brad Daugherty
1992,Karl Malone
1992,Charles Barkley
1992,Dennis Rodman
1992,Chris Mullin
1992,Scottie Pippen
1992,Kevin Willis
1992,Clyde Drexler
1992,Tim Hardaway
1992,Kevin Johnson
1992,Michael Jordan
1992,John Stockton
1992,Mark Price
1993,Hakeem Olajuwon
1993,Patrick Ewing
1993,David Robinson
1993,Charles Barkley
1993,Larry Johnson
1993,Derrick Coleman
1993,Karl Malone
1993,Dominique Wilkins
1993,Scottie Pippen
1993,Michael Jordan
1993,Joe Dumars
1993,Tim Hardaway
1993,Mark Price
1993,John Stockton
1993,Dražen Petrović
1994,Hakeem Olajuwon
1994,David Robinson
1994,Shaquille O'Neal
1994,Karl Malone
1994,Charles Barkley
1994,Derrick Coleman
1994,Scottie Pippen
1994,Shawn Kemp
1994,Dominique Wilkins
1994,Latrell Sprewell
1994,Kevin Johnson
1994,Gary Payton
1994,John Stockton
1994,Mitch Richmond
1994,Mark Price
1995,David Robinson
1995,Shaquille O'Neal
1995,Hakeem Olajuwon
1995,Karl Malone
1995,Charles Barkley
1995,Dennis Rodman
1995,Scottie Pippen
1995,Shawn Kemp
1995,Detlef Schrempf
1995,Anfernee Hardaway
1995,Gary Payton
1995,Clyde Drexler
1995,John Stockton
1995,Mitch Richmond
1995,Reggie Miller
1996,David Robinson
1996,Hakeem Olajuwon
1996,Shaquille O'Neal
1996,Karl Malone
1996,Grant Hill
1996,Charles Barkley
1996,Scottie Pippen
1996,Shawn Kemp
1996,Juwan Howard
1996,Anfernee Hardaway
1996,Gary Payton
1996,Reggie Miller
1996,Michael Jordan
1996,John Stockton
1996,Mitch Richmond
1997,Hakeem Olajuwon
1997,Patrick Ewing
1997,Shaquille O'Neal
1997,Grant Hill
1997,Scottie Pippen
1997,Vin Baker
1997,Karl Malone
1997,Glen Rice
1997,Anthony Mason
1997,Tim Hardaway
1997,Gary Payton
1997,Anfernee Hardaway
1997,Michael Jordan
1997,Mitch Richmond
1997,John Stockton
1998,Shaquille O'Neal
1998,David Robinson
1998,Dikembe Mutombo
1998,Tim Duncan
1998,Vin Baker
1998,Scottie Pippen
1998,Karl Malone
1998,Grant Hill
1998,Glen Rice
1998,Michael Jordan
1998,Tim Hardaway
1998,Reggie Miller
1998,Gary Payton
1998,Rod Strickland
1998,Mitch Richmond
1999,Alonzo Mourning
1999,Shaquille O'Neal
1999,Hakeem Olajuwon
1999,Tim Duncan
1999,Grant Hill
1999,Kevin Garnett
1999,Karl Malone
1999,Chris Webber
1999,Antonio McDyess
1999,Allen Iverson
1999,Tim Hardaway
1999,Kobe Bryant
1999,Jason Kidd
1999,Gary Payton
1999,John Stockton
2000,Tim Duncan
2000,Kevin Garnett
2000,Jason Kidd
2000,Shaquille O'Neal
2000,Gary Payton
2000,Kobe Bryant
2000,Grant Hill
2000,Allen Iverson
2000,Karl Malone
2000,Alonzo Mourning
2000,Vince Carter
2000,Eddie Jones
2000,Stephon Marbury
2000,David Robinson
2000,Chris Webber
2001,Tim Duncan
2001,Allen Iverson
2001,Jason Kidd
2001,Shaquille O'Neal
2001,Chris Webber
2001,Kobe Bryant
2001,Vince Carter
2001,Kevin Garnett
2001,Tracy McGrady
2001,Dikembe Mutombo
2001,Ray Allen
2001,Karl Malone
2001,Dirk Nowitzki
2001,Gary Payton
2001,David Robinson
2002,Kobe Bryant
2002,Tim Duncan
2002,Jason Kidd
2002,Tracy McGrady
2002,Shaquille O'Neal
2002,Kevin Garnett
2002,Allen Iverson
2002,Dirk Nowitzki
2002,Gary Payton
2002,Chris Webber
2002,Dikembe Mutombo
2002,Steve Nash
2002,Jermaine O'Neal
2002,Paul Pierce
2002,Ben Wallace
2003,Kobe Bryant
2003,Tim Duncan
2003,Kevin Garnett
2003,Tracy McGrady
2003,Shaquille O'Neal
2003,Allen Iverson
2003,Jason Kidd
2003,Dirk Nowitzki
2003,Ben Wallace
2003,Chris Webber
2003,Stephon Marbury
2003,Jamal Mashburn
2003,Steve Nash
2003,Jermaine O'Neal
2003,Paul Pierce
2004,Kobe Bryant
2004,Tim Duncan
2004,Kevin Garnett
2004,Jason Kidd
2004,Shaquille O'Neal
2004,Sam Cassell
2004,Tracy McGrady
2004,Jermaine O'Neal
2004,Peja Stojaković
2004,Ben Wallace
2004,Metta World Peace
2004,Baron Davis
2004,Yao Ming
2004,Dirk Nowitzki
2004,Michael Redd
2005,Tim Duncan
2005,Allen Iverson
2005,Steve Nash
2005,Dirk Nowitzki
2005,Shaquille O'Neal
2005,Ray Allen
2005,Kevin Garnett
2005,LeBron James
2005,Amar'e Stoudemire
2005,Gilbert Arenas
2005,Kobe Bryant
2005,Shawn Marion
2005,Tracy McGrady
2005,Dwyane Wade
2005,Ben Wallace
2006,Kobe Bryant
2006,LeBron James
2006,Steve Nash
2006,Dirk Nowitzki
2006,Shaquille O'Neal
2006,Chauncey Billups
2006,Elton Brand
2006,Tim Duncan
2006,Dwyane Wade
2006,Ben Wallace
2006,Carmelo Anthony
2006,Gilbert Arenas
2006,Allen Iverson
2006,Shawn Marion
2006,Yao Ming
2007,Kobe Bryant
2007,Tim Duncan
2007,Steve Nash
2007,Dirk Nowitzki
2007,Amar'e Stoudemire
2007,Gilbert Arenas
2007,Chris Bosh
2007,LeBron James
2007,Tracy McGrady
2007,Yao Ming
2007,Carmelo Anthony
2007,Chauncey Billups
2007,Kevin Garnett
2007,Dwight Howard
2007,Dwyane Wade
2008,Kobe Bryant
2008,Kevin Garnett
2008,Dwight Howard
2008,LeBron James
2008,Chris Paul
2008,Tim Duncan
2008,Steve Nash
2008,Dirk Nowitzki
2008,Amar'e Stoudemire
2008,Deron Williams
2008,Carlos Boozer
2008,Manu Ginóbili
2008,Tracy McGrady
2008,Yao Ming
2008,Paul Pierce
2009,Kobe Bryant
2009,Dwight Howard
2009,LeBron James
2009,Dirk Nowitzki
2009,Dwyane Wade
2009,Tim Duncan
2009,Yao Ming
2009,Chris Paul
2009,Paul Pierce
2009,Brandon Roy
2009,Carmelo Anthony
2009,Chauncey Billups
2009,Pau Gasol
2009,Shaquille O'Neal
2009,Tony Parker
2010,Kobe Bryant
2010,Kevin Durant
2010,Dwight Howard
2010,LeBron James
2010,Dwyane Wade
2010,Carmelo Anthony
2010,Steve Nash
2010,Dirk Nowitzki
2010,Amar'e Stoudemire
2010,Deron Williams
2010,Andrew Bogut
2010,Tim Duncan
2010,Pau Gasol
2010,Joe Johnson
2010,Brandon Roy
2011,Kobe Bryant
2011,Kevin Durant
2011,Dwight Howard
2011,LeBron James
2011,Derrick Rose
2011,Pau Gasol
2011,Dirk Nowitzki
2011,Amar'e Stoudemire
2011,Dwyane Wade
2011,Russell Westbrook
2011,LaMarcus Aldridge
2011,Manu Ginóbili
2011,Al Horford
2011,Chris Paul
2011,Zach Randolph
2012,Kobe Bryant
2012,Kevin Durant
2012,Dwight Howard
2012,LeBron James
2012,Chris Paul
2012,Andrew Bynum
2012,Blake Griffin
2012,Kevin Love
2012,Tony Parker
2012,Russell Westbrook
2012,Carmelo Anthony
2012,Tyson Chandler
2012,Dirk Nowitzki
2012,Rajon Rondo
2012,Dwyane Wade
2013,Kobe Bryant
2013,Tim Duncan
2013,Kevin Durant
2013,LeBron James
2013,Chris Paul
2013,Carmelo Anthony
2013,Marc Gasol
2013,Blake Griffin
2013,Tony Parker
2013,Russell Westbrook
2013,Paul George
2013,James Harden
2013,Dwight Howard
2013,David Lee
2013,Dwyane Wade
2014,Kevin Durant
2014,James Harden
2014,LeBron James
2014,Joakim Noah
2014,Chris Paul
2014,Stephen Curry
2014,Blake Griffin
2014,Dwight Howard
2014,Kevin Love
2014,Tony Parker
2014,LaMarcus Aldridge
2014,Goran Dragić
2014,Paul George
2014,Al Jefferson
2014,Damian Lillard
2015,Stephen Curry
2015,Anthony Davis
2015,Marc Gasol
2015,James Harden
2015,LeBron James
2015,LaMarcus Aldridge
2015,DeMarcus Cousins
2015,Pau Gasol
2015,Chris Paul
2015,Russell Westbrook
2015,Tim Duncan
2015,Blake Griffin
2015,Kyrie Irving
2015,DeAndre Jordan
2015,Klay Thompson
2016,Stephen Curry
2016,LeBron James
2016,DeAndre Jordan
2016,Kawhi Leonard
2016,Russell Westbrook
2016,DeMarcus Cousins
2016,Kevin Durant
2016,Draymond Green
2016,Damian Lillard
2016,Chris Paul
2016,LaMarcus Aldridge
2016,Andre Drummond
2016,Paul George
2016,Kyle Lowry
2016,Klay Thompson
2017,Anthony Davis
2017,James Harden
2017,LeBron James
2017,Kawhi Leonard
2017,Russell Westbrook
2017,Giannis Antetokounmpo
2017,Stephen Curry
2017,Kevin Durant
2017,Rudy Gobert
2017,Isaiah Thomas
2017,Jimmy Butler
2017,DeMar DeRozan
2017,Draymond Green
2017,DeAndre Jordan
2017,John Wall
2018,Anthony Davis
2018,Kevin Durant
2018,James Harden
2018,LeBron James
2018,Damian Lillard
2018,LaMarcus Aldridge
2018,Giannis Antetokounmpo
2018,DeMar DeRozan
2018,Joel Embiid
2018,Russell Westbrook
2018,Jimmy Butler
2018,Stephen Curry
2018,Paul George
2018,Victor Oladipo
2018,Karl-Anthony Towns
2019,Giannis Antetokounmpo
2019,Stephen Curry
2019,Paul George
2019,James Harden
2019,Nikola Jokić
2019,Kevin Durant
2019,Joel Embiid
2019,Kyrie Irving
2019,Kawhi Leonard
2019,Damian Lillard
2019,Rudy Gobert
2019,Blake Griffin
2019,LeBron James
2019,Kemba Walker
2019,Russell Westbrook
2020,Giannis Antetokounmpo
2020,Anthony Davis
2020,Luka Dončić
2020,James Harden
2020,LeBron James
2020,Nikola Jokić
2020,Kawhi Leonard
2020,Damian Lillard
2020,Chris Paul
2020,Pascal Siakam
2020,Jimmy Butler
2020,Rudy Gobert
2020,Ben Simmons
2020,Jayson Tatum
2020,Russell Westbrook
2021,Giannis Antetokounmpo
2021,Stephen Curry
2021,Luka Dončić
2021,Nikola Jokić
2021,Kawhi Leonard
2021,Joel Embiid
2021,LeBron James
2021,Damian Lillard
2021,Chris Paul
2021,Julius Randle
2021,Bradley Beal
2021,Jimmy Butler
2021,Paul George
2021,Rudy Gobert
2021,Kyrie Irving
